{
	"parent": "item/handheld",
	"textures": {
		"layer0": "item/arrow"
	},
	"overrides": [
		{ "predicate": { "custom_model_data": 1 }, "model": "item/custom/diarrow/model1" },
		{ "predicate": { "custom_model_data": 2 }, "model": "item/custom/diarrow/model2" },
		{ "predicate": { "custom_model_data": 3 }, "model": "item/custom/diarrow/model3" },
		{ "predicate": { "custom_model_data": 4 }, "model": "item/custom/diarrow/model4" },
		{ "predicate": { "custom_model_data": 5 }, "model": "item/custom/diarrow/model5" },
		{ "predicate": { "custom_model_data": 6 }, "model": "item/custom/diarrow/model6" },
		{ "predicate": { "custom_model_data": 7 }, "model": "item/custom/diarrow/model7" },
		{ "predicate": { "custom_model_data": 8 }, "model": "item/custom/diarrow/model8" },
		{ "predicate": { "custom_model_data": 9 }, "model": "item/custom/diarrow/model9" },
		{ "predicate": { "custom_model_data": 10 }, "model": "item/custom/diarrow/model10" },
		{ "predicate": { "custom_model_data": 11 }, "model": "item/custom/diarrow/model11" },
		{ "predicate": { "custom_model_data": 12 }, "model": "item/custom/diarrow/model12" },
		{ "predicate": { "custom_model_data": 13 }, "model": "item/custom/diarrow/model13" },
		{ "predicate": { "custom_model_data": 14 }, "model": "item/custom/diarrow/model14" },
		{ "predicate": { "custom_model_data": 15 }, "model": "item/custom/diarrow/model15" },
		{ "predicate": { "custom_model_data": 16 }, "model": "item/custom/diarrow/model16" },
		{ "predicate": { "custom_model_data": 17 }, "model": "item/custom/diarrow/model17" },
		{ "predicate": { "custom_model_data": 18 }, "model": "item/custom/diarrow/model18" },
		{ "predicate": { "custom_model_data": 19 }, "model": "item/custom/diarrow/model19" },
		{ "predicate": { "custom_model_data": 20 }, "model": "item/custom/diarrow/model20" },
		{ "predicate": { "custom_model_data": 21 }, "model": "item/custom/diarrow/model21" },
		{ "predicate": { "custom_model_data": 22 }, "model": "item/custom/diarrow/model22" },
		{ "predicate": { "custom_model_data": 23 }, "model": "item/custom/diarrow/model23" },
		{ "predicate": { "custom_model_data": 24 }, "model": "item/custom/diarrow/model24" },
		{ "predicate": { "custom_model_data": 25 }, "model": "item/custom/diarrow/model25" },
		{ "predicate": { "custom_model_data": 26 }, "model": "item/custom/diarrow/model26" },
		{ "predicate": { "custom_model_data": 27 }, "model": "item/custom/diarrow/model27" },
		{ "predicate": { "custom_model_data": 28 }, "model": "item/custom/diarrow/model28" },
		{ "predicate": { "custom_model_data": 29 }, "model": "item/custom/diarrow/model29" },
		{ "predicate": { "custom_model_data": 30 }, "model": "item/custom/diarrow/model30" },
		{ "predicate": { "custom_model_data": 31 }, "model": "item/custom/diarrow/model31" },
		{ "predicate": { "custom_model_data": 32 }, "model": "item/custom/diarrow/model32" },
		{ "predicate": { "custom_model_data": 33 }, "model": "item/custom/diarrow/model33" },
		{ "predicate": { "custom_model_data": 34 }, "model": "item/custom/diarrow/model34" },
		{ "predicate": { "custom_model_data": 35 }, "model": "item/custom/diarrow/model35" },
		{ "predicate": { "custom_model_data": 36 }, "model": "item/custom/diarrow/model36" },
		{ "predicate": { "custom_model_data": 37 }, "model": "item/custom/diarrow/model37" },
		{ "predicate": { "custom_model_data": 38 }, "model": "item/custom/diarrow/model38" },
		{ "predicate": { "custom_model_data": 39 }, "model": "item/custom/diarrow/model39" },
		{ "predicate": { "custom_model_data": 40 }, "model": "item/custom/diarrow/model40" },
		{ "predicate": { "custom_model_data": 41 }, "model": "item/custom/diarrow/model41" },
		{ "predicate": { "custom_model_data": 42 }, "model": "item/custom/diarrow/model42" },
		{ "predicate": { "custom_model_data": 42, "damaged": 0}, "model": "item/custom/diarrow/model42" },
		{ "predicate": { "custom_model_data": 42, "damaged": 1}, "model": "item/custom/diarrow/model42" },
		{ "predicate": { "custom_model_data": 43 }, "model": "item/custom/diarrow/model43" },
		{ "predicate": { "custom_model_data": 44 }, "model": "item/custom/diarrow/model44" },
		{ "predicate": { "custom_model_data": 45 }, "model": "item/custom/diarrow/model45" },
		{ "predicate": { "custom_model_data": 46 }, "model": "item/custom/diarrow/model46" },
		{ "predicate": { "custom_model_data": 47 }, "model": "item/custom/diarrow/model47" },
		{ "predicate": { "custom_model_data": 48 }, "model": "item/custom/diarrow/model48" },
		{ "predicate": { "custom_model_data": 49 }, "model": "item/custom/diarrow/model49" },
		{ "predicate": { "custom_model_data": 50 }, "model": "item/custom/diarrow/model50" },
		{ "predicate": { "custom_model_data": 51 }, "model": "item/custom/diarrow/model51" },
		{ "predicate": { "custom_model_data": 52 }, "model": "item/custom/diarrow/model52" },
		{ "predicate": { "custom_model_data": 53 }, "model": "item/custom/diarrow/model53" },
		{ "predicate": { "custom_model_data": 54 }, "model": "item/custom/diarrow/model54" },
		{ "predicate": { "custom_model_data": 55 }, "model": "item/custom/diarrow/model55" },
		{ "predicate": { "custom_model_data": 56 }, "model": "item/custom/diarrow/model56" },
		{ "predicate": { "custom_model_data": 57 }, "model": "item/custom/diarrow/model57" },
		{ "predicate": { "custom_model_data": 58 }, "model": "item/custom/diarrow/model58" },
		{ "predicate": { "custom_model_data": 59 }, "model": "item/custom/diarrow/model59" },
		{ "predicate": { "custom_model_data": 60 }, "model": "item/custom/diarrow/model60" },
		{ "predicate": { "custom_model_data": 61 }, "model": "item/custom/diarrow/model61" },
		{ "predicate": { "custom_model_data": 62 }, "model": "item/custom/diarrow/model62" },
		{ "predicate": { "custom_model_data": 63 }, "model": "item/custom/diarrow/model63" },
		{ "predicate": { "custom_model_data": 64 }, "model": "item/custom/diarrow/model64" },
		{ "predicate": { "custom_model_data": 65 }, "model": "item/custom/diarrow/model65" },
		{ "predicate": { "custom_model_data": 66 }, "model": "item/custom/diarrow/model66" },
		{ "predicate": { "custom_model_data": 67 }, "model": "item/custom/diarrow/model67" },
		{ "predicate": { "custom_model_data": 68 }, "model": "item/custom/diarrow/model68" },
		{ "predicate": { "custom_model_data": 69 }, "model": "item/custom/diarrow/model69" },
		{ "predicate": { "custom_model_data": 70 }, "model": "item/custom/diarrow/model70" },
		{ "predicate": { "custom_model_data": 71 }, "model": "item/custom/diarrow/model71" },
		{ "predicate": { "custom_model_data": 72 }, "model": "item/custom/diarrow/model72" },
		{ "predicate": { "custom_model_data": 73 }, "model": "item/custom/diarrow/model73" },
		{ "predicate": { "custom_model_data": 74 }, "model": "item/custom/diarrow/model74" },
		{ "predicate": { "custom_model_data": 75 }, "model": "item/custom/diarrow/model75" },
		{ "predicate": { "custom_model_data": 76 }, "model": "item/custom/diarrow/model76" },
		{ "predicate": { "custom_model_data": 77 }, "model": "item/custom/diarrow/model77" },
		{ "predicate": { "custom_model_data": 78 }, "model": "item/custom/diarrow/model78" },
		{ "predicate": { "custom_model_data": 79 }, "model": "item/custom/diarrow/model79" },
		{ "predicate": { "custom_model_data": 80 }, "model": "item/custom/diarrow/model80" },
		{ "predicate": { "custom_model_data": 81 }, "model": "item/custom/diarrow/model81" },
		{ "predicate": { "custom_model_data": 82 }, "model": "item/custom/diarrow/model82" },
		{ "predicate": { "custom_model_data": 83 }, "model": "item/custom/diarrow/model83" },
		{ "predicate": { "custom_model_data": 84 }, "model": "item/custom/diarrow/model84" },
		{ "predicate": { "custom_model_data": 85 }, "model": "item/custom/diarrow/model85" },
		{ "predicate": { "custom_model_data": 86 }, "model": "item/custom/diarrow/model86" },
		{ "predicate": { "custom_model_data": 87 }, "model": "item/custom/diarrow/model87" },
		{ "predicate": { "custom_model_data": 88 }, "model": "item/custom/diarrow/model88" },
		{ "predicate": { "custom_model_data": 89 }, "model": "item/custom/diarrow/model89" },
		{ "predicate": { "custom_model_data": 90 }, "model": "item/custom/diarrow/model90" },
		{ "predicate": { "custom_model_data": 91 }, "model": "item/custom/diarrow/model91" },
		{ "predicate": { "custom_model_data": 92 }, "model": "item/custom/diarrow/model92" },
		{ "predicate": { "custom_model_data": 93 }, "model": "item/custom/diarrow/model93" },
		{ "predicate": { "custom_model_data": 94 }, "model": "item/custom/diarrow/model94" },
		{ "predicate": { "custom_model_data": 95 }, "model": "item/custom/diarrow/model95" },
		{ "predicate": { "custom_model_data": 96 }, "model": "item/custom/diarrow/model96" },
		{ "predicate": { "custom_model_data": 97 }, "model": "item/custom/diarrow/model97" },
		{ "predicate": { "custom_model_data": 98 }, "model": "item/custom/diarrow/model98" },
		{ "predicate": { "custom_model_data": 99 }, "model": "item/custom/diarrow/model99" },
		{ "predicate": { "custom_model_data": 100 }, "model": "item/custom/diarrow/model100" },
		{ "predicate": { "custom_model_data": 101 }, "model": "item/custom/diarrow/model101" },
		{ "predicate": { "custom_model_data": 102 }, "model": "item/custom/diarrow/model102" },
		{ "predicate": { "custom_model_data": 103 }, "model": "item/custom/diarrow/model103" },
		{ "predicate": { "custom_model_data": 104 }, "model": "item/custom/diarrow/model104" },
		{ "predicate": { "custom_model_data": 105 }, "model": "item/custom/diarrow/model105" },
		{ "predicate": { "custom_model_data": 106 }, "model": "item/custom/diarrow/model106" },
		{ "predicate": { "custom_model_data": 107 }, "model": "item/custom/diarrow/model107" },
		{ "predicate": { "custom_model_data": 108 }, "model": "item/custom/diarrow/model108" },
		{ "predicate": { "custom_model_data": 109 }, "model": "item/custom/diarrow/model109" },
		{ "predicate": { "custom_model_data": 110 }, "model": "item/custom/diarrow/model110" },
		{ "predicate": { "custom_model_data": 111 }, "model": "item/custom/diarrow/model111" },
		{ "predicate": { "custom_model_data": 112 }, "model": "item/custom/diarrow/model112" },
		{ "predicate": { "custom_model_data": 113 }, "model": "item/custom/diarrow/model113" },
		{ "predicate": { "custom_model_data": 114 }, "model": "item/custom/diarrow/model114" },
		{ "predicate": { "custom_model_data": 115 }, "model": "item/custom/diarrow/model115" },
		{ "predicate": { "custom_model_data": 116 }, "model": "item/custom/diarrow/model116" },
		{ "predicate": { "custom_model_data": 117 }, "model": "item/custom/diarrow/model117" },
		{ "predicate": { "custom_model_data": 118 }, "model": "item/custom/diarrow/model118" },
		{ "predicate": { "custom_model_data": 119 }, "model": "item/custom/diarrow/model119" },
		{ "predicate": { "custom_model_data": 120 }, "model": "item/custom/diarrow/model120" },
		{ "predicate": { "custom_model_data": 121 }, "model": "item/custom/diarrow/model121" },
		{ "predicate": { "custom_model_data": 122 }, "model": "item/custom/diarrow/model122" },
		{ "predicate": { "custom_model_data": 123 }, "model": "item/custom/diarrow/model123" },
		{ "predicate": { "custom_model_data": 124 }, "model": "item/custom/diarrow/model124" },
		{ "predicate": { "custom_model_data": 125 }, "model": "item/custom/diarrow/model125" },
		{ "predicate": { "custom_model_data": 126 }, "model": "item/custom/diarrow/model126" },
		{ "predicate": { "custom_model_data": 127 }, "model": "item/custom/diarrow/model127" },
		{ "predicate": { "custom_model_data": 128 }, "model": "item/custom/diarrow/model128" },
		{ "predicate": { "custom_model_data": 129 }, "model": "item/custom/diarrow/model129" },
		{ "predicate": { "custom_model_data": 130 }, "model": "item/custom/diarrow/model130" },
		{ "predicate": { "custom_model_data": 131 }, "model": "item/custom/diarrow/model131" },
		{ "predicate": { "custom_model_data": 132 }, "model": "item/custom/diarrow/model132" },
		{ "predicate": { "custom_model_data": 133 }, "model": "item/custom/diarrow/model133" },
		{ "predicate": { "custom_model_data": 134 }, "model": "item/custom/diarrow/model134" },
		{ "predicate": { "custom_model_data": 135 }, "model": "item/custom/diarrow/model135" },
		{ "predicate": { "custom_model_data": 136 }, "model": "item/custom/diarrow/model136" },
		{ "predicate": { "custom_model_data": 137 }, "model": "item/custom/diarrow/model137" },
		{ "predicate": { "custom_model_data": 138 }, "model": "item/custom/diarrow/model138" },
		{ "predicate": { "custom_model_data": 139 }, "model": "item/custom/diarrow/model139" },
		{ "predicate": { "custom_model_data": 140 }, "model": "item/custom/diarrow/model140" },
		{ "predicate": { "custom_model_data": 141 }, "model": "item/custom/diarrow/model141" },
		{ "predicate": { "custom_model_data": 142 }, "model": "item/custom/diarrow/model142" },
		{ "predicate": { "custom_model_data": 143 }, "model": "item/custom/diarrow/model143" },
		{ "predicate": { "custom_model_data": 144 }, "model": "item/custom/diarrow/model144" },
		{ "predicate": { "custom_model_data": 145 }, "model": "item/custom/diarrow/model145" },
		{ "predicate": { "custom_model_data": 146 }, "model": "item/custom/diarrow/model146" },
		{ "predicate": { "custom_model_data": 147 }, "model": "item/custom/diarrow/model147" },
		{ "predicate": { "custom_model_data": 148 }, "model": "item/custom/diarrow/model148" },
		{ "predicate": { "custom_model_data": 149 }, "model": "item/custom/diarrow/model149" },
		{ "predicate": { "custom_model_data": 150 }, "model": "item/custom/diarrow/model150" },
		{ "predicate": { "custom_model_data": 151 }, "model": "item/custom/diarrow/model151" },
		{ "predicate": { "custom_model_data": 152 }, "model": "item/custom/diarrow/model152" },
		{ "predicate": { "custom_model_data": 153 }, "model": "item/custom/diarrow/model153" },
		{ "predicate": { "custom_model_data": 154 }, "model": "item/custom/diarrow/model154" },
		{ "predicate": { "custom_model_data": 155 }, "model": "item/custom/diarrow/model155" },
		{ "predicate": { "custom_model_data": 156 }, "model": "item/custom/diarrow/model156" },
		{ "predicate": { "custom_model_data": 157 }, "model": "item/custom/diarrow/model157" },
		{ "predicate": { "custom_model_data": 158 }, "model": "item/custom/diarrow/model158" },
		{ "predicate": { "custom_model_data": 159 }, "model": "item/custom/diarrow/model159" },
		{ "predicate": { "custom_model_data": 160 }, "model": "item/custom/diarrow/model160" },
		{ "predicate": { "custom_model_data": 161 }, "model": "item/custom/diarrow/model161" },
		{ "predicate": { "custom_model_data": 162 }, "model": "item/custom/diarrow/model162" },
		{ "predicate": { "custom_model_data": 163 }, "model": "item/custom/diarrow/model163" },
		{ "predicate": { "custom_model_data": 164 }, "model": "item/custom/diarrow/model164" },
		{ "predicate": { "custom_model_data": 165 }, "model": "item/custom/diarrow/model165" },
		{ "predicate": { "custom_model_data": 166 }, "model": "item/custom/diarrow/model166" },
		{ "predicate": { "custom_model_data": 167 }, "model": "item/custom/diarrow/model167" },
		{ "predicate": { "custom_model_data": 168 }, "model": "item/custom/diarrow/model168" },
		{ "predicate": { "custom_model_data": 169 }, "model": "item/custom/diarrow/model169" },
		{ "predicate": { "custom_model_data": 170 }, "model": "item/custom/diarrow/model170" },
		{ "predicate": { "custom_model_data": 171 }, "model": "item/custom/diarrow/model171" },
		{ "predicate": { "custom_model_data": 172 }, "model": "item/custom/diarrow/model172" },
		{ "predicate": { "custom_model_data": 173 }, "model": "item/custom/diarrow/model173" },
		{ "predicate": { "custom_model_data": 174 }, "model": "item/custom/diarrow/model174" },
		{ "predicate": { "custom_model_data": 175 }, "model": "item/custom/diarrow/model175" },
		{ "predicate": { "custom_model_data": 176 }, "model": "item/custom/diarrow/model176" },
		{ "predicate": { "custom_model_data": 177 }, "model": "item/custom/diarrow/model177" },
		{ "predicate": { "custom_model_data": 178 }, "model": "item/custom/diarrow/model178" },
		{ "predicate": { "custom_model_data": 179 }, "model": "item/custom/diarrow/model179" },
		{ "predicate": { "custom_model_data": 180 }, "model": "item/custom/diarrow/model180" },
		{ "predicate": { "custom_model_data": 181 }, "model": "item/custom/diarrow/model181" },
		{ "predicate": { "custom_model_data": 182 }, "model": "item/custom/diarrow/model182" },
		{ "predicate": { "custom_model_data": 183 }, "model": "item/custom/diarrow/model183" },
		{ "predicate": { "custom_model_data": 184 }, "model": "item/custom/diarrow/model184" },
		{ "predicate": { "custom_model_data": 185 }, "model": "item/custom/diarrow/model185" },
		{ "predicate": { "custom_model_data": 186 }, "model": "item/custom/diarrow/model186" },
		{ "predicate": { "custom_model_data": 187 }, "model": "item/custom/diarrow/model187" },
		{ "predicate": { "custom_model_data": 188 }, "model": "item/custom/diarrow/model188" },
		{ "predicate": { "custom_model_data": 189 }, "model": "item/custom/diarrow/model189" },
		{ "predicate": { "custom_model_data": 190 }, "model": "item/custom/diarrow/model190" },
		{ "predicate": { "custom_model_data": 191 }, "model": "item/custom/diarrow/model191" },
		{ "predicate": { "custom_model_data": 192 }, "model": "item/custom/diarrow/model192" },
		{ "predicate": { "custom_model_data": 193 }, "model": "item/custom/diarrow/model193" },
		{ "predicate": { "custom_model_data": 194 }, "model": "item/custom/diarrow/model194" },
		{ "predicate": { "custom_model_data": 195 }, "model": "item/custom/diarrow/model195" },
		{ "predicate": { "custom_model_data": 196 }, "model": "item/custom/diarrow/model196" },
		{ "predicate": { "custom_model_data": 197 }, "model": "item/custom/diarrow/model197" },
		{ "predicate": { "custom_model_data": 198 }, "model": "item/custom/diarrow/model198" },
		{ "predicate": { "custom_model_data": 199 }, "model": "item/custom/diarrow/model199" },
		{ "predicate": { "custom_model_data": 200 }, "model": "item/custom/diarrow/model200" },
		{ "predicate": { "custom_model_data": 201 }, "model": "item/custom/diarrow/model201" },
		{ "predicate": { "custom_model_data": 202 }, "model": "item/custom/diarrow/model202" },
		{ "predicate": { "custom_model_data": 203 }, "model": "item/custom/diarrow/model203" },
		{ "predicate": { "custom_model_data": 204 }, "model": "item/custom/diarrow/model204" },
		{ "predicate": { "custom_model_data": 205 }, "model": "item/custom/diarrow/model205" },
		{ "predicate": { "custom_model_data": 206 }, "model": "item/custom/diarrow/model206" },
		{ "predicate": { "custom_model_data": 207 }, "model": "item/custom/diarrow/model207" },
		{ "predicate": { "custom_model_data": 208 }, "model": "item/custom/diarrow/model208" },
		{ "predicate": { "custom_model_data": 209 }, "model": "item/custom/diarrow/model209" },
		{ "predicate": { "custom_model_data": 210 }, "model": "item/custom/diarrow/model210" },
		{ "predicate": { "custom_model_data": 211 }, "model": "item/custom/diarrow/model211" },
		{ "predicate": { "custom_model_data": 212 }, "model": "item/custom/diarrow/model212" },
		{ "predicate": { "custom_model_data": 213 }, "model": "item/custom/diarrow/model213" },
		{ "predicate": { "custom_model_data": 214 }, "model": "item/custom/diarrow/model214" },
		{ "predicate": { "custom_model_data": 215 }, "model": "item/custom/diarrow/model215" },
		{ "predicate": { "custom_model_data": 216 }, "model": "item/custom/diarrow/model216" },
		{ "predicate": { "custom_model_data": 217 }, "model": "item/custom/diarrow/model217" },
		{ "predicate": { "custom_model_data": 218 }, "model": "item/custom/diarrow/model218" },
		{ "predicate": { "custom_model_data": 219 }, "model": "item/custom/diarrow/model219" },
		{ "predicate": { "custom_model_data": 220 }, "model": "item/custom/diarrow/model220" },
		{ "predicate": { "custom_model_data": 221 }, "model": "item/custom/diarrow/model221" },
		{ "predicate": { "custom_model_data": 222 }, "model": "item/custom/diarrow/model222" },
		{ "predicate": { "custom_model_data": 223 }, "model": "item/custom/diarrow/model223" },
		{ "predicate": { "custom_model_data": 224 }, "model": "item/custom/diarrow/model224" },
		{ "predicate": { "custom_model_data": 225 }, "model": "item/custom/diarrow/model225" },
		{ "predicate": { "custom_model_data": 226 }, "model": "item/custom/diarrow/model226" },
		{ "predicate": { "custom_model_data": 227 }, "model": "item/custom/diarrow/model227" },
		{ "predicate": { "custom_model_data": 228 }, "model": "item/custom/diarrow/model228" },
		{ "predicate": { "custom_model_data": 229 }, "model": "item/custom/diarrow/model229" },
		{ "predicate": { "custom_model_data": 230 }, "model": "item/custom/diarrow/model230" },
		{ "predicate": { "custom_model_data": 231 }, "model": "item/custom/diarrow/model231" },
		{ "predicate": { "custom_model_data": 232 }, "model": "item/custom/diarrow/model232" },
		{ "predicate": { "custom_model_data": 233 }, "model": "item/custom/diarrow/model233" },
		{ "predicate": { "custom_model_data": 234 }, "model": "item/custom/diarrow/model234" },
		{ "predicate": { "custom_model_data": 235 }, "model": "item/custom/diarrow/model235" },
		{ "predicate": { "custom_model_data": 236 }, "model": "item/custom/diarrow/model236" },
		{ "predicate": { "custom_model_data": 237 }, "model": "item/custom/diarrow/model237" },
		{ "predicate": { "custom_model_data": 238 }, "model": "item/custom/diarrow/model238" },
		{ "predicate": { "custom_model_data": 239 }, "model": "item/custom/diarrow/model239" },
		{ "predicate": { "custom_model_data": 240 }, "model": "item/custom/diarrow/model240" },
		{ "predicate": { "custom_model_data": 241 }, "model": "item/custom/diarrow/model241" },
		{ "predicate": { "custom_model_data": 242 }, "model": "item/custom/diarrow/model242" },
		{ "predicate": { "custom_model_data": 243 }, "model": "item/custom/diarrow/model243" },
		{ "predicate": { "custom_model_data": 244 }, "model": "item/custom/diarrow/model244" },
		{ "predicate": { "custom_model_data": 245 }, "model": "item/custom/diarrow/model245" },
		{ "predicate": { "custom_model_data": 246 }, "model": "item/custom/diarrow/model246" },
		{ "predicate": { "custom_model_data": 247 }, "model": "item/custom/diarrow/model247" },
		{ "predicate": { "custom_model_data": 248 }, "model": "item/custom/diarrow/model248" },
		{ "predicate": { "custom_model_data": 249 }, "model": "item/custom/diarrow/model249" },
		{ "predicate": { "custom_model_data": 250 }, "model": "item/custom/diarrow/model250" },
		{ "predicate": { "custom_model_data": 251 }, "model": "item/custom/diarrow/model251" },
		{ "predicate": { "custom_model_data": 252 }, "model": "item/custom/diarrow/model252" },
		{ "predicate": { "custom_model_data": 253 }, "model": "item/custom/diarrow/model253" },
		{ "predicate": { "custom_model_data": 254 }, "model": "item/custom/diarrow/model254" },
		{ "predicate": { "custom_model_data": 255 }, "model": "item/custom/diarrow/model255" },
		{ "predicate": { "custom_model_data": 256 }, "model": "item/custom/diarrow/model256" },
		{ "predicate": { "custom_model_data": 257 }, "model": "item/custom/diarrow/model257" },
		{ "predicate": { "custom_model_data": 258 }, "model": "item/custom/diarrow/model258" },
		{ "predicate": { "custom_model_data": 259 }, "model": "item/custom/diarrow/model259" },
		{ "predicate": { "custom_model_data": 260 }, "model": "item/custom/diarrow/model260" },
		{ "predicate": { "custom_model_data": 261 }, "model": "item/custom/diarrow/model261" },
		{ "predicate": { "custom_model_data": 262 }, "model": "item/custom/diarrow/model262" },
		{ "predicate": { "custom_model_data": 263 }, "model": "item/custom/diarrow/model263" },
		{ "predicate": { "custom_model_data": 264 }, "model": "item/custom/diarrow/model264" },
		{ "predicate": { "custom_model_data": 265 }, "model": "item/custom/diarrow/model265" },
		{ "predicate": { "custom_model_data": 266 }, "model": "item/custom/diarrow/model266" },
		{ "predicate": { "custom_model_data": 267 }, "model": "item/custom/diarrow/model267" },
		{ "predicate": { "custom_model_data": 268 }, "model": "item/custom/diarrow/model268" },
		{ "predicate": { "custom_model_data": 269 }, "model": "item/custom/diarrow/model269" },
		{ "predicate": { "custom_model_data": 270 }, "model": "item/custom/diarrow/model270" },
		{ "predicate": { "custom_model_data": 271 }, "model": "item/custom/diarrow/model271" },
		{ "predicate": { "custom_model_data": 272 }, "model": "item/custom/diarrow/model272" },
		{ "predicate": { "custom_model_data": 273 }, "model": "item/custom/diarrow/model273" },
		{ "predicate": { "custom_model_data": 274 }, "model": "item/custom/diarrow/model274" },
		{ "predicate": { "custom_model_data": 275 }, "model": "item/custom/diarrow/model275" },
		{ "predicate": { "custom_model_data": 276 }, "model": "item/custom/diarrow/model276" },
		{ "predicate": { "custom_model_data": 277 }, "model": "item/custom/diarrow/model277" },
		{ "predicate": { "custom_model_data": 278 }, "model": "item/custom/diarrow/model278" },
		{ "predicate": { "custom_model_data": 279 }, "model": "item/custom/diarrow/model279" },
		{ "predicate": { "custom_model_data": 280 }, "model": "item/custom/diarrow/model280" },
		{ "predicate": { "custom_model_data": 281 }, "model": "item/custom/diarrow/model281" },
		{ "predicate": { "custom_model_data": 282 }, "model": "item/custom/diarrow/model282" },
		{ "predicate": { "custom_model_data": 283 }, "model": "item/custom/diarrow/model283" },
		{ "predicate": { "custom_model_data": 284 }, "model": "item/custom/diarrow/model284" },
		{ "predicate": { "custom_model_data": 285 }, "model": "item/custom/diarrow/model285" },
		{ "predicate": { "custom_model_data": 286 }, "model": "item/custom/diarrow/model286" },
		{ "predicate": { "custom_model_data": 287 }, "model": "item/custom/diarrow/model287" },
		{ "predicate": { "custom_model_data": 288 }, "model": "item/custom/diarrow/model288" },
		{ "predicate": { "custom_model_data": 289 }, "model": "item/custom/diarrow/model289" },
		{ "predicate": { "custom_model_data": 290 }, "model": "item/custom/diarrow/model290" },
		{ "predicate": { "custom_model_data": 291 }, "model": "item/custom/diarrow/model291" },
		{ "predicate": { "custom_model_data": 292 }, "model": "item/custom/diarrow/model292" },
		{ "predicate": { "custom_model_data": 293 }, "model": "item/custom/diarrow/model293" },
		{ "predicate": { "custom_model_data": 294 }, "model": "item/custom/diarrow/model294" },
		{ "predicate": { "custom_model_data": 295 }, "model": "item/custom/diarrow/model295" },
		{ "predicate": { "custom_model_data": 296 }, "model": "item/custom/diarrow/model296" },
		{ "predicate": { "custom_model_data": 297 }, "model": "item/custom/diarrow/model297" },
		{ "predicate": { "custom_model_data": 298 }, "model": "item/custom/diarrow/model298" },
		{ "predicate": { "custom_model_data": 299 }, "model": "item/custom/diarrow/model299" },
		{ "predicate": { "custom_model_data": 300 }, "model": "item/custom/diarrow/model300" },
		{ "predicate": { "custom_model_data": 301 }, "model": "item/custom/diarrow/model301" },
		{ "predicate": { "custom_model_data": 302 }, "model": "item/custom/diarrow/model302" },
		{ "predicate": { "custom_model_data": 303 }, "model": "item/custom/diarrow/model303" },
		{ "predicate": { "custom_model_data": 304 }, "model": "item/custom/diarrow/model304" },
		{ "predicate": { "custom_model_data": 305 }, "model": "item/custom/diarrow/model305" },
		{ "predicate": { "custom_model_data": 306 }, "model": "item/custom/diarrow/model306" },
		{ "predicate": { "custom_model_data": 307 }, "model": "item/custom/diarrow/model307" },
		{ "predicate": { "custom_model_data": 308 }, "model": "item/custom/diarrow/model308" },
		{ "predicate": { "custom_model_data": 309 }, "model": "item/custom/diarrow/model309" },
		{ "predicate": { "custom_model_data": 310 }, "model": "item/custom/diarrow/model310" },
		{ "predicate": { "custom_model_data": 311 }, "model": "item/custom/diarrow/model311" },
		{ "predicate": { "custom_model_data": 312 }, "model": "item/custom/diarrow/model312" },
		{ "predicate": { "custom_model_data": 313 }, "model": "item/custom/diarrow/model313" },
		{ "predicate": { "custom_model_data": 314 }, "model": "item/custom/diarrow/model314" },
		{ "predicate": { "custom_model_data": 315 }, "model": "item/custom/diarrow/model315" },
		{ "predicate": { "custom_model_data": 316 }, "model": "item/custom/diarrow/model316" },
		{ "predicate": { "custom_model_data": 317 }, "model": "item/custom/diarrow/model317" },
		{ "predicate": { "custom_model_data": 318 }, "model": "item/custom/diarrow/model318" },
		{ "predicate": { "custom_model_data": 319 }, "model": "item/custom/diarrow/model319" },
		{ "predicate": { "custom_model_data": 320 }, "model": "item/custom/diarrow/model320" },
		{ "predicate": { "custom_model_data": 321 }, "model": "item/custom/diarrow/model321" },
		{ "predicate": { "custom_model_data": 322 }, "model": "item/custom/diarrow/model322" },
		{ "predicate": { "custom_model_data": 323 }, "model": "item/custom/diarrow/model323" },
		{ "predicate": { "custom_model_data": 324 }, "model": "item/custom/diarrow/model324" },
		{ "predicate": { "custom_model_data": 325 }, "model": "item/custom/diarrow/model325" },
		{ "predicate": { "custom_model_data": 326 }, "model": "item/custom/diarrow/model326" },
		{ "predicate": { "custom_model_data": 327 }, "model": "item/custom/diarrow/model327" },
		{ "predicate": { "custom_model_data": 328 }, "model": "item/custom/diarrow/model328" },
		{ "predicate": { "custom_model_data": 329 }, "model": "item/custom/diarrow/model329" },
		{ "predicate": { "custom_model_data": 330 }, "model": "item/custom/diarrow/model330" },
		{ "predicate": { "custom_model_data": 331 }, "model": "item/custom/diarrow/model331" },
		{ "predicate": { "custom_model_data": 332 }, "model": "item/custom/diarrow/model332" },
		{ "predicate": { "custom_model_data": 333 }, "model": "item/custom/diarrow/model333" },
		{ "predicate": { "custom_model_data": 334 }, "model": "item/custom/diarrow/model334" },
		{ "predicate": { "custom_model_data": 335 }, "model": "item/custom/diarrow/model335" },
		{ "predicate": { "custom_model_data": 336 }, "model": "item/custom/diarrow/model336" },
		{ "predicate": { "custom_model_data": 337 }, "model": "item/custom/diarrow/model337" },
		{ "predicate": { "custom_model_data": 338 }, "model": "item/custom/diarrow/model338" },
		{ "predicate": { "custom_model_data": 339 }, "model": "item/custom/diarrow/model339" },
		{ "predicate": { "custom_model_data": 340 }, "model": "item/custom/diarrow/model340" },
		{ "predicate": { "custom_model_data": 341 }, "model": "item/custom/diarrow/model341" },
		{ "predicate": { "custom_model_data": 342 }, "model": "item/custom/diarrow/model342" },
		{ "predicate": { "custom_model_data": 343 }, "model": "item/custom/diarrow/model343" },
		{ "predicate": { "custom_model_data": 344 }, "model": "item/custom/diarrow/model344" },
		{ "predicate": { "custom_model_data": 345 }, "model": "item/custom/diarrow/model345" },
		{ "predicate": { "custom_model_data": 346 }, "model": "item/custom/diarrow/model346" },
		{ "predicate": { "custom_model_data": 347 }, "model": "item/custom/diarrow/model347" },
		{ "predicate": { "custom_model_data": 348 }, "model": "item/custom/diarrow/model348" },
		{ "predicate": { "custom_model_data": 349 }, "model": "item/custom/diarrow/model349" },
		{ "predicate": { "custom_model_data": 350 }, "model": "item/custom/diarrow/model350" },
		{ "predicate": { "custom_model_data": 351 }, "model": "item/custom/diarrow/model351" },
		{ "predicate": { "custom_model_data": 352 }, "model": "item/custom/diarrow/model352" },
		{ "predicate": { "custom_model_data": 353 }, "model": "item/custom/diarrow/model353" },
		{ "predicate": { "custom_model_data": 354 }, "model": "item/custom/diarrow/model354" },
		{ "predicate": { "custom_model_data": 355 }, "model": "item/custom/diarrow/model355" },
		{ "predicate": { "custom_model_data": 356 }, "model": "item/custom/diarrow/model356" },
		{ "predicate": { "custom_model_data": 357 }, "model": "item/custom/diarrow/model357" },
		{ "predicate": { "custom_model_data": 358 }, "model": "item/custom/diarrow/model358" },
		{ "predicate": { "custom_model_data": 359 }, "model": "item/custom/diarrow/model359" },
		{ "predicate": { "custom_model_data": 360 }, "model": "item/custom/diarrow/model360" },
		{ "predicate": { "custom_model_data": 361 }, "model": "item/custom/diarrow/model361" },
		{ "predicate": { "custom_model_data": 362 }, "model": "item/custom/diarrow/model362" },
		{ "predicate": { "custom_model_data": 363 }, "model": "item/custom/diarrow/model363" },
		{ "predicate": { "custom_model_data": 364 }, "model": "item/custom/diarrow/model364" },
		{ "predicate": { "custom_model_data": 365 }, "model": "item/custom/diarrow/model365" },
		{ "predicate": { "custom_model_data": 366 }, "model": "item/custom/diarrow/model366" },
		{ "predicate": { "custom_model_data": 367 }, "model": "item/custom/diarrow/model367" },
		{ "predicate": { "custom_model_data": 368 }, "model": "item/custom/diarrow/model368" },
		{ "predicate": { "custom_model_data": 369 }, "model": "item/custom/diarrow/model369" },
		{ "predicate": { "custom_model_data": 370 }, "model": "item/custom/diarrow/model370" },
		{ "predicate": { "custom_model_data": 371 }, "model": "item/custom/diarrow/model371" },
		{ "predicate": { "custom_model_data": 372 }, "model": "item/custom/diarrow/model372" },
		{ "predicate": { "custom_model_data": 373 }, "model": "item/custom/diarrow/model373" },
		{ "predicate": { "custom_model_data": 374 }, "model": "item/custom/diarrow/model374" },
		{ "predicate": { "custom_model_data": 375 }, "model": "item/custom/diarrow/model375" },
		{ "predicate": { "custom_model_data": 376 }, "model": "item/custom/diarrow/model376" },
		{ "predicate": { "custom_model_data": 377 }, "model": "item/custom/diarrow/model377" },
		{ "predicate": { "custom_model_data": 378 }, "model": "item/custom/diarrow/model378" },
		{ "predicate": { "custom_model_data": 379 }, "model": "item/custom/diarrow/model379" },
		{ "predicate": { "custom_model_data": 380 }, "model": "item/custom/diarrow/model380" },
		{ "predicate": { "custom_model_data": 381 }, "model": "item/custom/diarrow/model381" },
		{ "predicate": { "custom_model_data": 382 }, "model": "item/custom/diarrow/model382" },
		{ "predicate": { "custom_model_data": 383 }, "model": "item/custom/diarrow/model383" },
		{ "predicate": { "custom_model_data": 384 }, "model": "item/custom/diarrow/model384" },
		{ "predicate": { "custom_model_data": 385 }, "model": "item/custom/diarrow/model385" },
		{ "predicate": { "custom_model_data": 386 }, "model": "item/custom/diarrow/model386" },
		{ "predicate": { "custom_model_data": 387 }, "model": "item/custom/diarrow/model387" },
		{ "predicate": { "custom_model_data": 388 }, "model": "item/custom/diarrow/model388" },
		{ "predicate": { "custom_model_data": 389 }, "model": "item/custom/diarrow/model389" },
		{ "predicate": { "custom_model_data": 390 }, "model": "item/custom/diarrow/model390" },
		{ "predicate": { "custom_model_data": 391 }, "model": "item/custom/diarrow/model391" },
		{ "predicate": { "custom_model_data": 392 }, "model": "item/custom/diarrow/model392" },
		{ "predicate": { "custom_model_data": 393 }, "model": "item/custom/diarrow/model393" },
		{ "predicate": { "custom_model_data": 394 }, "model": "item/custom/diarrow/model394" },
		{ "predicate": { "custom_model_data": 395 }, "model": "item/custom/diarrow/model395" },
		{ "predicate": { "custom_model_data": 396 }, "model": "item/custom/diarrow/model396" },
		{ "predicate": { "custom_model_data": 397 }, "model": "item/custom/diarrow/model397" },
		{ "predicate": { "custom_model_data": 398 }, "model": "item/custom/diarrow/model398" },
		{ "predicate": { "custom_model_data": 399 }, "model": "item/custom/diarrow/model399" },
		{ "predicate": { "custom_model_data": 400 }, "model": "item/custom/diarrow/model400" },
		{ "predicate": { "custom_model_data": 401 }, "model": "item/custom/diarrow/model401" },
		{ "predicate": { "custom_model_data": 402 }, "model": "item/custom/diarrow/model402" },
		{ "predicate": { "custom_model_data": 403 }, "model": "item/custom/diarrow/model403" },
		{ "predicate": { "custom_model_data": 404 }, "model": "item/custom/diarrow/model404" },
		{ "predicate": { "custom_model_data": 405 }, "model": "item/custom/diarrow/model405" },
		{ "predicate": { "custom_model_data": 406 }, "model": "item/custom/diarrow/model406" },
		{ "predicate": { "custom_model_data": 407 }, "model": "item/custom/diarrow/model407" },
		{ "predicate": { "custom_model_data": 408 }, "model": "item/custom/diarrow/model408" },
		{ "predicate": { "custom_model_data": 409 }, "model": "item/custom/diarrow/model409" },
		{ "predicate": { "custom_model_data": 410 }, "model": "item/custom/diarrow/model410" },
		{ "predicate": { "custom_model_data": 411 }, "model": "item/custom/diarrow/model411" },
		{ "predicate": { "custom_model_data": 412 }, "model": "item/custom/diarrow/model412" },
		{ "predicate": { "custom_model_data": 413 }, "model": "item/custom/diarrow/model413" },
		{ "predicate": { "custom_model_data": 414 }, "model": "item/custom/diarrow/model414" },
		{ "predicate": { "custom_model_data": 415 }, "model": "item/custom/diarrow/model415" },
		{ "predicate": { "custom_model_data": 416 }, "model": "item/custom/diarrow/model416" },
		{ "predicate": { "custom_model_data": 417 }, "model": "item/custom/diarrow/model417" },
		{ "predicate": { "custom_model_data": 418 }, "model": "item/custom/diarrow/model418" },
		{ "predicate": { "custom_model_data": 419 }, "model": "item/custom/diarrow/model419" },
		{ "predicate": { "custom_model_data": 420 }, "model": "item/custom/diarrow/model420" },
		{ "predicate": { "custom_model_data": 421 }, "model": "item/custom/diarrow/model421" },
		{ "predicate": { "custom_model_data": 422 }, "model": "item/custom/diarrow/model422" },
		{ "predicate": { "custom_model_data": 423 }, "model": "item/custom/diarrow/model423" },
		{ "predicate": { "custom_model_data": 424 }, "model": "item/custom/diarrow/model424" },
		{ "predicate": { "custom_model_data": 425 }, "model": "item/custom/diarrow/model425" },
		{ "predicate": { "custom_model_data": 426 }, "model": "item/custom/diarrow/model426" },
		{ "predicate": { "custom_model_data": 427 }, "model": "item/custom/diarrow/model427" },
		{ "predicate": { "custom_model_data": 428 }, "model": "item/custom/diarrow/model428" }
	]
}